Close,SMMA,MI,MD,Signal,Difference,Action
238.24,0.0,0.0,0.0,0.0,0.0,0
237.8,0.0,0.0,0.0,0.0,0.0,0
237.1,0.0,0.0,0.0,0.0,0.0,0
234.6,0.0,0.0,0.0,0.0,0.0,0
234.35,0.0,0.0,0.0,0.0,0.0,0
234.6799,0.0,0.0,0.0,0.0,0.0,0
234.975,0.0,0.0,0.0,0.0,0.0,0
237.34,0.0,0.0,0.0,0.0,0.0,0
238.715,0.0,0.0,0.0,0.0,0.0,0
237.227,236.50268999999997,0.0,0.0,0.0,0.0,0
238.64,236.71642099999994,0.0,0.0,0.0,0.0,0
238.77,236.92177889999994,0.0,0.0,0.0,0.0,0
238.85,237.11460100999994,0.0,0.0,0.0,0.0,0
238.93,237.29614090899994,0.0,0.0,0.0,0.0,0
238.94,237.46052681809996,0.0,0.0,0.0,0.0,0
239.31,237.64547413628998,0.0,0.0,0.0,0.0,0
239.0,237.78092672266098,0.0,0.0,0.0,0.0,0
238.9,237.89283405039492,0.0,0.0,0.0,0.0,0
237.9,237.89355064535545,238.99262339456953,1.3471492582795577,0.0,1.3471492582795577,0
237.91,237.8951955808199,238.72816647748553,1.0826923411955534,0.26942985165591155,0.8132624895396419,0
235.78,237.68367602273793,237.8199542775372,0.17448014124721567,0.4859683198950222,-0.31148817864780654,1
237.83,237.69830842046412,237.822226960959,0.1767528246690233,0.5208643481444654,-0.34411152347544205,0
233.72,237.30047757841766,236.46532761809397,0.0,0.55621491307827,-0.55621491307827,0
236.785,237.24892982057585,236.47945854995808,-0.821019028459574,0.55621491307827,-1.377233941537844,0
237.899,237.31393683851826,236.8672831060007,-0.4331944724169432,0.12258125573044368,-0.5557757281473868,0
236.98,237.28054315466642,236.8572058879466,-0.4432716904710503,-0.18059610699205564,-0.26267558347899467,0
236.715,237.22398883919976,236.76691598535018,-0.5335615930674749,-0.3041464733357088,-0.22941511973176604,0
235.56,237.05758995527975,236.32293957169966,-0.9775380067179924,-0.44620935688300845,-0.531328649834984,0
235.34,236.8858309597518,235.92778380481957,-1.3726937735980869,-0.6417169582266069,-0.73097681537148,0
235.15,236.7122478637766,235.58101725658346,-1.719460321834191,-0.7520519072543095,-0.9674084145798816,0
235.05,236.54602307739896,235.30157792242267,-1.9988996559949896,-1.0093050771377592,-0.9895945788572305,0
235.1,236.40142076965904,235.12272752773907,-2.1777500506785827,-1.320430670242547,-0.8573193804360357,0
234.17,236.17827869269314,234.69481189071155,-2.6056656877061073,-1.6492683617647685,-0.9563973259413387,0
232.83,235.84345082342384,233.94803160838038,-3.35244597003728,-1.9748938979623916,-1.3775520720748886,0
233.21,235.58010574108147,233.5367809529891,-2.306669870434746,-2.3708443372502304,0.06417446681548444,-1
233.29,235.3510951669733,233.27712453233906,-2.5663262910847777,-2.488286246970341,-0.07804004411443666,1
233.68,235.18398565027596,233.23265620009107,-2.6107946233327652,-2.601771573988299,-0.009023049344466294,0
238.1499,235.48057708524834,234.69532926031872,-1.1481215631051214,-2.6883804885191354,1.540258925414014,-1
245.69,236.50151937672348,238.2812697631052,0.6357956268152236,-2.396871663598938,3.0326672904141616,0
243.47,237.1983674390511,240.19280779346295,3.691288416739468,-1.5992233442284374,5.290511760967905,0
241.24,237.60253069514602,240.8435792751582,4.342059898434712,-0.39963168679359456,4.741691585228307,0
238.4579,237.6880676256314,240.37262202653574,3.871102649812258,0.9820455511103034,2.8890570987019544,0
239.7965,237.89891086306824,240.436568925341,3.9350495486175134,2.278425005739308,1.6566245428782054,0
238.85,237.99401977676138,240.1453244881663,3.6438051114428163,3.295059228083835,0.34874588335898116,0
239.74,238.1686177990852,240.2017534355728,3.7002340588493325,3.8966611250093535,-0.19642706616002092,1
239.1799,238.2697460191767,240.03910658431357,3.537587207590093,3.8984502534313266,-0.36086304584123363,0
239.15,238.35777141725902,239.8919394662206,3.390420089497127,3.7375557152624026,-0.3471356257652758,0
239.93,238.51499427553307,240.02674695026678,3.5252275735433045,3.6414192031993764,-0.11619162965607188,0
241.26,238.78949484797977,240.5534611519748,4.051941775251322,3.5594548081845345,0.4924869670667875,-1
241.6,239.0705453631818,241.0418083067719,4.540288930048433,3.641082140946236,0.8992067891021973,0
241.23,239.2864908268636,241.26485695397423,4.763337577250752,3.809093115186056,0.9542444620646959,0
241.63,239.52084174417723,241.54524962015185,5.043730243428371,4.054243189118187,0.9894870543101835,0
242.79,239.8477575697595,242.11922323568717,5.617703858963694,4.384905219904437,1.232798639059257,0
244.36,240.29898181278355,243.04463621019642,6.543116833472936,4.803400476988514,1.739716356484422,0
244.265,240.69558363150517,243.67620568205143,7.174686305327953,5.301635488632837,1.8730508166951152,0
244.905,241.11652526835468,244.33002638033287,7.8285070036093884,5.8285149636887414,1.999992039920647,0
243.92,241.3968727415192,244.4610955624772,7.959576185753718,6.441548848960468,1.5180273367932502,0
242.45,241.50218546736724,244.04499821953323,7.543478842809748,7.024718037425538,0.5187608053842094,0
242.339,241.5858669206305,243.677032288487,7.175512911763519,7.4098730341947485,-0.23436012243122928,1
239.4121,241.36849022856745,242.41890526725817,5.917385890534689,7.5363522498528654,-1.6189663593181765,0
239.69,241.20064120571072,241.5691572524766,5.067637875753121,7.284892166894212,-2.2172542911410913,0
239.57,241.03757708513967,240.89852734993764,4.3970079732141585,6.732718341322959,-2.335710368108801,0
240.17,240.9508193766257,240.60402213088472,4.102502754161236,6.020204698815047,-1.9177019446538113,0
240.37,240.8927374389631,240.45864187248117,3.9571224957576874,5.332009481085345,-1.3748869853276577,0
240.7,240.87346369506676,240.46748180288935,3.9659624261658735,4.688331397884179,-0.7223689717183053,0
240.46,240.8321173255601,240.40174715124888,3.900227774525405,4.298046705010416,-0.3978189304850108,0
240.6,240.80890559300406,240.40594966870447,3.9044302919809866,4.064564684764872,-0.16013439278388564,0
240.74,240.80201503370364,240.4614588029118,3.9599394261883276,3.9660491485182376,-0.006109722329910028,0
242.12,240.93381353033328,240.96402413067335,4.462504753949872,3.937536482923656,0.5249682710262165,-1
238.0699,240.64742217729994,239.9997902052683,3.4982708285448325,4.038612934562093,-0.5403421060172606,1
243.0576,240.88843995956995,240.93933971949247,4.437820342768987,3.9450746150378846,0.49274572773110226,-1
242.54,241.05359596361296,241.46721204820474,4.965692671481264,4.052593128686601,0.9130995427946633,0
240.515,240.99973636725167,241.18662370467476,4.685104327951279,4.2648456045866565,0.4202587233646229,0
241.255,241.02526273052655,241.22121750100015,4.719698124276675,4.409878584939247,0.3098195393374281,0
240.86,241.00873645747393,241.1149135960279,4.613394219304411,4.461317259004607,0.15207696029980333,0
242.64,241.17186281172653,241.623754334153,5.1222349574295265,4.684341937156523,0.4378930202730036,0
242.599,241.3145765305539,241.9844244370581,5.482905060334616,4.821224860088631,0.6616802002459847,0
242.8239,241.4655088774985,242.32052840885217,5.81900903212869,4.924667337859302,0.8943416942693885,0
242.88,241.60695798974865,242.58070946736385,6.079190090640367,5.151448278694784,0.9277418119455829,0
242.91,241.73726219077375,242.77469151587616,6.273172139152678,5.423346671967522,0.8498254671851555,0
243.7,241.93353597169636,243.1701772998926,6.668657923169121,5.755302255937176,0.9133556672319454,0
242.64,242.00418237452672,243.1020255586179,6.600506181894417,6.064586849085094,0.535919332809323,0
242.0,242.00376413707403,242.82955949847144,6.328040121747961,6.288107073397055,0.03993304835090594,0
241.38,241.94138772336663,242.41478273098593,5.913263354262455,6.389913291320909,-0.47664993705845404,1
240.4,241.78724895102997,241.77894761453743,5.27742823781395,6.356727944045327,-1.0792997062313763,0
242.395,241.84802405592694,241.96722501213677,5.465705635413286,6.157579163777581,-0.6918735283642947,0
245.185,242.18172165033425,243.02971731921943,6.52819794249595,5.916988706226414,0.611209236269536,-1
241.975,242.16104948530082,242.75106448944103,6.249545112717556,5.90252705834672,0.3470180543708352,0
241.5855,242.10349453677077,242.41011294258305,5.908593565859576,5.886828056540639,0.021765509318936616,0
243.46,242.23914508309372,242.77428214038613,6.272762763662655,5.885894098860064,0.3868686648025914,0
243.7299,242.38822057478433,243.12995632601016,6.62843694928668,6.084961004029805,0.5434759452568754,0
243.77,242.52639851730586,243.40114131552673,6.89962193880325,6.317507266804483,0.5821146719987667,0
243.55,242.62875866557528,243.5221447774171,7.020625400693632,6.3917920660659435,0.6288333346276884,0
243.47,242.71288279901773,243.57762164769355,7.076102270970068,6.546008123661158,0.53009414730891,0
243.53,242.79459451911598,243.63103602704578,7.1295166503223015,6.7795098646832574,0.3500067856390441,0
243.23,242.8381350672044,243.56427917266018,7.0627597959366994,6.950860642015186,0.11189915392151306,0
242.25,242.77932156048396,243.1845732065786,6.683053829855112,7.03772521134519,-0.3546713814900784,1
242.25,242.72638940443557,242.89949489187677,6.397975515153291,6.994411589555563,-0.5964360744022716,0
242.81,242.734750463992,242.8723104037912,6.370791027067725,6.869881612447495,-0.49909058537977025,0
243.21,242.78227541759279,242.98428408023668,6.4827647035131974,6.728819363667026,-0.24605466015382849,0
244.2499,242.9290378758335,243.41047194363452,6.90895256691104,6.599468974305205,0.3094835926058348,-1
242.0667,242.84280408825012,243.00180193669803,6.500282559974551,6.568707528500073,-0.06842496852552227,1
241.91,242.7495236794251,242.6455153391059,6.143995962382434,6.532153274523961,-0.3881573121415274,0
238.0,242.2745713114826,241.0901328947969,4.58861351807343,6.4813573639697895,-1.8927438458963595,0
239.3,241.97711418033435,240.3765253777042,3.875006000980733,6.124921862170931,-2.249915861190198,0
239.04,241.68340276230091,239.7772831430321,3.2757637663086143,5.603370121664438,-2.3276063553558233,0
240.01,241.51606248607087,239.67242567542408,3.1709062987006007,4.876732361543953,-1.705826062843352,0
239.6238,241.32683623746374,239.48572189378817,2.9842025170646878,4.2108571092891625,-1.2266545922244747,0
239.7,241.16415261371736,239.39049301868354,2.888973641960064,3.578898420225613,-0.6899247782655493,0
239.5,240.9977373523456,239.27086069671486,2.7693413199913834,3.23897044500294,-0.4696291250115565,0
239.79,240.87696361711104,239.29421887137337,2.792699494649895,3.01783750880507,-0.2251380141551751,0
239.55,240.74426725539996,239.24690595122334,2.745386574499861,2.9212246544733262,-0.17583807997346534,0
240.4,240.70984052985995,239.50624503934694,3.004725662623457,2.836120709633178,0.1686049529902789,-1
240.4,240.67885647687393,239.70939781604628,3.2078784393227977,2.840225338744932,0.3676531005778658,0
240.62,240.67297082918654,239.9409497470253,3.4394303703018068,2.904006298217479,0.5354240720843277,0
240.36,240.6416737462679,240.03245311414267,3.53093373741919,3.0380241082795636,0.4929096291396262,0
238.45,240.4225063716411,239.47313047182809,2.971611095104606,3.1856709568334223,-0.21405986172881608,1
236.35,240.01525573447697,238.3706705055901,1.8691511288666334,3.2309158609543713,-1.361764732087738,0
235.225,239.53623016102924,237.19396026354354,0.6924408868200658,3.003800954203007,-2.311360067382941,0
234.96,239.0786071449263,236.25355224156053,0.0,2.5007134437024603,-2.5007134437024603,0
234.99,238.6697464304337,235.59117820233018,-0.25227262109365256,1.8128273696420991,-2.0650999907357517,0
236.26,238.42877178739036,235.54773183880147,-0.29571898462236845,1.0561860979395306,-1.351905082561899,0
236.47,238.2328946086513,235.61161545201608,-0.23183537140775456,0.4027200819941356,-0.6345554534018902,0
236.93,238.10260514778616,235.83482297980385,-0.008627843619990472,-0.017477218060741963,0.008849374440751491,-1
237.11,238.00334463300754,236.07995122634597,0.0,-0.15769096414875322,0.15769096414875322,0
236.75,237.87801016970678,236.159088276466,0.0,-0.15769096414875322,0.15769096414875322,0
236.8499,237.7751991527361,236.2646233835227,0.0,-0.1072364399300227,0.1072364399300227,0
236.48,237.6456792374625,236.23233784746898,0.0,-0.04809264300554901,0.04809264300554901,0
235.44,237.42511131371626,235.87511074159934,0.0,-0.0017255687239980944,0.0017255687239980944,0
234.5,237.13260018234465,235.3108476131544,-0.5326032102694285,0.0,-0.5326032102694285,1
234.0,236.8193401641102,234.74102361433904,-1.1024272090847944,-0.1065206420538857,-0.9959065670309087,0
234.57,236.5944061476992,234.52350428903821,-1.3199465343856218,-0.32700608387084457,-0.9929404505147772,0
234.8007,236.41503553292932,234.45569368981904,-1.3877571336047936,-0.5909953907479689,-0.7967617428568247,0
232.825,236.05603197963637,233.76858101795105,-2.0748698054727868,-0.8685468174689277,-1.206322988003859,0
232.6301,235.71343878167272,233.21299051800798,-2.8430414616283883,-1.283520778563485,-1.5595206830649033,0
229.5625,235.09834490350545,231.80771454637636,-3.9057242352963613,-1.745608428835277,-2.1601158064610844,0
231.51,234.73951041315496,231.43657229937085,-3.6617726041345975,-2.30626783407759,-1.3555047700570073,0
231.1149,234.3770493718395,231.05993749602436,-4.038407407481088,-2.7746330480273853,-1.263774359453703,0
237.21,234.66034443465554,232.82453609887426,-2.2738088046311873,-3.3047631028026445,1.0309542981714572,-1
239.29,235.12330999118998,234.83837363966225,-0.25997126384319813,-3.3445509026343245,3.0845796387911264,0
239.0,235.510978992071,236.2377731954075,0.0,-2.8279368630772863,2.8279368630772863,0
238.99,235.8588810928639,237.26256882543836,0.7610494487148856,-2.0467920160180144,2.8078414647329,0
239.28,236.20099298357755,238.10156197197347,1.6000425952499882,-1.1622276054481175,2.7622702006981057,0
239.96,236.57689368521977,238.92695202967138,2.4254326529479044,-0.034537604901902344,2.4599702578498066,0
241.87,237.10620431669776,240.14504117475278,3.6435217980292975,0.905310686613916,2.7382111114153815,0
241.8,237.57558388502798,240.99433915865842,4.492819781934941,1.6860092989884152,2.8068104829465255,0
241.61,237.97902549652522,241.52670097735034,5.0251816006268655,2.5845732553754033,2.440608345251462,0
241.13,238.29412294687273,241.72715141871103,5.225632041987552,3.437399685757799,1.788232356229753,0
241.23,238.58771065218548,241.87465455982976,5.373135183106285,4.162517575105312,1.2106176080009732,0
246.67,239.39593958696696,243.75043254488187,7.248913168158396,4.752058081136989,2.496855087021407,0
246.62,240.11834562827025,245.08610433504458,5.6901647480776205,5.473136355162808,0.21702839291481268,0
249.7874,241.08525106544326,247.07801340663966,7.682073819672695,5.712605348391344,1.9694684712813508,0
250.98,242.07472595889894,248.89525457335571,7.810003507912455,6.24398379220051,1.5660197157119455,0
248.3701,242.70426336300906,249.31789520319518,7.24316924429624,6.7608580853854905,0.4823111589107496,0
251.02,243.53583702670818,250.44548784951104,8.370761890612101,7.134864897623482,1.2358969929886197,0
251.1401,244.29626332403737,251.25901721276344,7.723180186055259,7.359234642114222,0.3639455439410373,0
250.94,244.96063699163363,251.73353134146086,7.4372680174234915,7.76583772970975,-0.3285697122862583,1
250.5,245.5145732924703,251.8794943088877,7.583230984850331,7.7168765692599095,-0.13364558440957808,0
250.58,246.02111596322325,251.95804821902016,7.661784894982787,7.671522064647485,-0.009737169664697731,0
250.25,246.44400436690094,251.85598767228169,7.559724348244316,7.755245194784794,-0.19552084654047786,0
253.37,247.1366039302108,252.7659806063731,8.469717282335722,7.593037686311237,0.8766795960244851,-1
253.0,247.7229435371897,253.27280296369466,6.136199033483848,7.742345105567329,-1.6061460720834813,1
252.71,248.22164918347076,253.50719469169687,6.370590761486056,7.482131308779401,-1.1115405472933446,0
253.64,248.76348426512368,253.94518602393975,6.808582093728944,7.239603264106546,-0.4310211703776021,0
251.33,249.0201358386113,253.464661675311,4.701177410187313,7.068962703855777,-2.3677852936684642,0
249.5312,249.0712422547502,252.47777639481367,3.7142921296899942,6.497253316244377,-2.782961186554383,0
252.36,249.4001180292752,252.65486719399107,3.8913829288673867,5.546168285715231,-1.6547853568478441,0
252.8227,249.7423762263477,252.9166265820688,4.153142316945122,5.097205064791939,-0.9440627478468171,0
252.0401,249.97214860371295,252.8300381862508,4.06655392112711,4.653715375883752,-0.5871614547566422,0
251.14,250.08893374334167,252.4484066754552,3.6849224103315237,4.105309741363385,-0.4203873310318613,0
251.58,250.2380403690075,252.29513577399848,3.531651508874802,3.902058741392227,-0.370407232517425,0
253.34,250.54823633210677,252.75071026892422,3.9872260038005436,3.865530617229189,0.12169538657135481,-1
253.2,250.8134126988961,253.02888128556293,4.265397020439252,3.8846992322158203,0.3806977882234319,0
253.1294,251.04501142900645,253.19741291536036,4.43392865023668,3.9071501729146463,0.5267784773220341,0
253.6,251.30051028610578,253.46355349678305,4.70006923165937,3.9806251187365604,0.7194441129228095,0
253.32,251.50245925749522,253.55366236544512,4.790178100321441,4.18365448300213,0.6065236173193114,0
254.09,251.7612133317457,253.86080425717938,5.097319992055702,4.435359801291457,0.661960190764245,0
253.89,251.9740919985711,254.00787265554098,2.246659323795285,4.657378598942489,-2.410719275147204,1
253.5,252.126682798714,253.97350116500488,2.2122878332591824,4.253631059613696,-2.0413432263545133,0
253.75,252.28901451884258,254.01748384770366,2.256270515957965,3.8093028962181963,-1.5530323802602313,0
253.9,252.45011306695832,254.08767113619777,2.326457804452076,3.320543153077915,-0.994085348625839,0
256.69,252.8741017602625,255.0507660603567,3.2895527286109996,2.827799093904042,0.4617536347069575,-1
255.5566,253.14235158423625,255.3749943629637,2.5008926027011853,2.4662456412151017,0.034646961486083594,0
253.9385,253.22196642581267,255.0631341568423,2.1890323965797904,2.5170922969962817,-0.32805990041649125,1
254.7301,253.37277978323135,255.0788761954935,2.204774435231002,2.512441209660403,-0.30766677442940127,0
254.37,253.47250180490818,254.95884314052475,2.084741380262244,2.5021419935150107,-0.41740061325276656,0
253.16,253.44125162441733,254.459024545363,1.5849227851005026,2.453798708677044,-0.8688759235765415,0
252.02,253.2991264619756,253.70463277354852,0.83053101328602,2.112872719974945,-1.2823417066889249,0
251.45,253.11421381577802,252.9555066197372,0.08140485947470211,1.7788004020919117,-1.6973955426172096,0
251.65,252.96779243420025,252.47037236405401,0.0,1.3572748946708941,-1.3572748946708941,0
251.5,252.82101319078023,252.06890654449575,0.0,0.9163200076246938,-0.9163200076246938,0
250.94,252.63291187170222,251.59622590348582,0.0,0.4993717315722449,-0.4993717315722449,0
252.9,252.659620684532,251.9060437916201,0.0,0.18238717455214443,-0.18238717455214443,0
253.17,252.7106586160788,252.23555679800356,0.0,0.016280971894940422,-0.016280971894940422,0
253.33,252.7725927544709,252.5399231312684,0.0,0.0,0.0,-1
253.47,252.84233347902378,252.81607173018887,0.0,0.0,0.0,0
252.92,252.85010013112142,252.84073081772445,0.0,0.0,0.0,0
254.69,253.03409011800926,253.44498257656312,0.5708808163006154,0.0,0.5708808163006154,0
257.6425,253.49493110620833,254.86667234647783,1.9925705862153222,0.11417616326012307,1.8783944229551992,0
256.3967,253.78510799558754,255.49831021405788,2.003379107849554,0.5126902805031875,1.4906888273463665,0
255.3899,253.94558719602878,255.6180145646178,2.123083458409468,0.9133661020730983,1.2097173563363697,0
255.56,254.1070284764259,255.74683765665813,2.251906550449803,1.337982793754992,0.9139237566948111,0
256.65,254.36132562878333,256.187228729622,2.6922976234136797,1.7883641038449525,0.9039335195687273,0
257.195,254.64469306590505,256.67749948988313,3.1825683836748055,2.2126474652675654,0.9699209184072402,0
257.07,254.88722375931457,256.98148241237584,3.486551306167513,2.450647024759462,1.035904281408051,0
257.12,255.1105013833831,257.20443023942045,3.7094991332121197,2.747281464423054,0.9622176687890658,0
257.05,255.30445124504482,257.3277447272959,3.832813621087581,3.0645645993835844,0.7682490217039968,0
257.7511,255.54911612054033,257.63288104637644,4.137949940168113,3.38074601351114,0.757203926656973,0
255.9,255.5842045084863,257.2291200353021,1.6800039147617838,3.6698764768620267,-1.9898725621002429,1
255.9,255.61578405763765,256.91489588622585,1.3657797656855166,3.369363583079422,-2.0035838173939053,0
256.1,255.66420565187386,256.73711291415907,1.187996793618737,2.9452092749830228,-1.7572124813642858,0
256.05,255.70278508668648,256.58051066296855,1.0313945424282167,2.4409088070643463,-1.4095142646361296,0
256.58,255.7905065780178,256.63334682000743,1.0842306994670992,1.8806249913324735,-0.7963942918653744,0
258.8892,256.10037592021604,257.4303248484381,1.8812087278977572,1.2698811431922707,0.6113275847054864,-1
257.8556,256.2758983281944,257.67038039314167,1.570004472925632,1.3101221058194654,0.2598823671061665,0
256.6686,256.3151684953749,257.4448050009799,1.3444290807638595,1.3509670472674884,-0.0065379665036289225,1
256.29,256.31265164583743,257.142983292145,1.0426073719289661,1.382253504696513,-0.33964613276754685,0
256.79,256.36038648125367,257.07802881624247,0.9776528960264272,1.3844960705966627,-0.40684317457023544,0
249.41,255.66534783312827,254.58535585910965,0.0,1.3631805099085283,-1.3631805099085283,0
247.2399,254.82280304981546,252.02823244618236,0.0,0.986938764328977,-0.986938764328977,0
247.61,254.10152274483394,250.28049421286138,0.0,0.6729378697438506,-0.6729378697438506,0
247.6,253.45137047035055,249.01893409922135,0.0,0.40405205359107865,-0.40405205359107865,0
247.9,252.89623342331552,248.22668529259553,0.0,0.19553057920528544,-0.19553057920528544,0
248.35,252.44161008098393,247.8342977346858,0.0,0.0,0.0,-1
250.59,252.25644907288557,248.32916894849217,0.0,0.0,0.0,0
250.06,252.036804165597,248.55997797761898,0.0,0.0,0.0,0
250.35,251.8681237490373,248.85994177471648,0.0,0.0,0.0,0
251.35,251.81631137413356,249.44058062154318,0.0,0.0,0.0,0
251.8,251.81468023672022,250.04115437449184,0.0,0.0,0.0,0
249.8183,251.61504221304818,249.84622756863132,0.0,0.0,0.0,0
251.08,251.56153799174336,250.13190705996004,0.0,0.0,0.0,0
252.5,251.65538419256904,250.82391045299957,0.0,0.0,0.0,0
250.8099,251.57083577331213,250.78384956890207,0.0,0.0,0.0,0
252.817,251.6954521959809,251.4213972557822,0.0,0.0,0.0,0
253.2821,251.85411697638278,252.0480730707753,0.0,0.0,0.0,0
254.48,252.11670527874452,252.904377605745,0.0,0.0,0.0,0
254.19,252.32403475087008,253.43382518351004,0.0,0.0,0.0,0
254.74,252.56563127578312,253.99506446503835,0.0,0.0,0.0,0
254.91,252.80006814820482,254.45159441498578,0.0,0.0,0.0,0
255.32,253.05206133338433,254.90789646693455,0.0,0.0,0.0,0
253.55,253.10185520004592,254.64185415569582,0.0,0.0,0.0,0
254.94,253.28566968004134,254.88716949591796,0.0,0.0,0.0,0
254.8,253.43710271203722,255.0068543271107,0.0,0.0,0.0,0
256.8,253.7733924408335,255.74129279007076,0.0,0.0,0.0,0
256.75,254.07105319675014,256.25141133833097,0.1510354181149296,0.0,0.1510354181149296,0
256.2439,254.28833787707512,256.44207214044457,0.34169622022852764,0.03020708362298592,0.3114891366055417,0
255.6127,254.42077408936763,256.35449227605966,0.254116355843621,0.09854632766869145,0.15557002817492957,0
255.735,254.55219668043088,256.31177212631246,0.21139620609642407,0.14936959883741566,0.06202660725900841,0
256.04,254.7009770123878,256.3649339392482,0.26455801903216525,0.19164884005670046,0.07290917897546478,0
254.745,254.705379311149,255.96168080776724,0.0,0.24456044386313353,-0.24456044386313353,1
253.2599,254.5608313800341,255.1605714947009,0.0,0.2143533602401476,-0.2143533602401476,0
252.539,254.3586482420307,254.32314554150108,0.0,0.14601411619444207,-0.14601411619444207,0
252.49,254.17178341782764,253.68737624914417,0.0,0.09519084502571787,-0.09519084502571787,0
252.54,254.0086050760449,253.23872486337976,0.0,0.05291160380643305,-0.05291160380643305,0
252.67,253.87474456844038,252.9582648493266,0.0,0.0,0.0,-1
252.57,253.74427011159636,252.72793162175958,0.0,0.0,0.0,0
254.05,253.77484310043673,253.0577769282061,0.0,0.0,0.0,0
254.09,253.80635879039306,253.3246063671263,0.0,0.0,0.0,0
254.05,253.83072291135377,253.5153068554241,0.0,0.0,0.0,0
254.5,253.89765062021837,253.80940199699782,0.0,0.0,0.0,0
254.3,253.93788555819657,253.96298958773735,0.0,0.0,0.0,0
254.79,254.02309700237691,254.23892873235675,0.0,0.0,0.0,0
256.1379,254.23457730213923,254.8874523338836,0.0,0.0,0.0,0
257.06,254.5171195719253,255.667751527174,0.0,0.0,0.0,0
256.97,254.76240761473272,256.2063732507098,0.10599733049377846,0.0,0.10599733049377846,0
257.52,255.03816685325947,256.77400024743343,0.6736243272173965,0.02119946609875569,0.6524248611186408,0
256.63,255.1973501679335,256.8844282287961,0.7840523085800442,0.155924331542235,0.6281279770378092,0
256.71,255.34861515114017,256.9763865228059,0.8760106025898722,0.3127347932582438,0.5632758093316284,0
256.71,255.48475363602614,257.02913921473623,0.9287632945201949,0.4879369137762183,0.4408263807439766,0
256.67,255.60327827242355,257.040679803062,0.9403038828459671,0.6736895726802572,0.2666143101657099,0
256.77,255.7199504451812,257.06920929431936,0.9688333741033262,0.8405508831506949,0.12828249095263122,0
256.95,255.84295540066304,257.1379204646877,1.0375445444716433,0.8995926925278809,0.13795185194376247,0
257.31,255.98965986059676,257.2967132162669,1.1963372960508423,0.9502911397062007,0.24604615634464155,0
257.19,256.10969387453713,257.3637823072821,1.2634063870660839,1.0143564783983947,0.24904990866768917,0
257.29,256.22772448708344,257.4359927795393,1.3356168593232383,1.0812850969075725,0.2543317624156658,0
257.74,256.3789520383751,257.62826614428855,1.5278902240725074,1.1603476922030267,0.3675425318694807,0
258.2,256.56105683453757,257.91273786302855,1.8123619428125153,1.272159062196863,0.5402028806156522,0
262.51,257.1559511510838,259.53745900158907,3.437083081373032,1.4271225418650375,2.0099605395079947,0
261.9219,257.6325460359754,260.5289348380936,3.372983687009821,1.8752716989294753,1.4977119880803458,0
262.72,258.1412914323779,261.50253321333736,4.34658206225356,2.2971871589182227,2.0493949033353376,0
262.045,258.5316622891401,261.9713872260761,3.830095793698206,2.899380199504287,0.9307155941939187,0
262.71,258.9494960602261,262.507516367626,4.366224935248113,3.359821313429427,1.0064036218186856,0
261.5163,259.2061764542035,262.47849483865934,4.337203406281446,3.8705939119165462,0.4666094943649002,0
261.55,259.4405588087832,262.43839960559376,4.297108173215861,4.050617976898229,0.24649019631763203,0
261.53,259.6495029279048,262.3755788427781,4.2342874104002135,4.235442874139437,-0.0011554637392237055,1
262.3497,259.9195226351143,262.5765474612973,4.435256028919412,4.2129839437687675,0.22227208515064412,-1
262.55,260.1825703716029,262.76979595927145,4.6285045268935505,4.334015990813009,0.29448853608054115,0
262.63,260.4273133344426,262.9183409551294,4.777049522751497,4.386471909142097,0.39057761360940013,0
263.74,260.7585820009984,263.3751903835921,5.233898951214201,4.474441132436107,0.7594578187780936,0
264.29,261.1117238008986,263.87489321145245,3.1163112104540573,4.661799288035775,-1.5454880775817177,1
264.73,261.47355142080875,264.36858210575724,3.2568583048586675,4.4382040480465434,-1.181345743187876,0
263.65,261.6911962787279,264.3539909653908,2.880439544582032,4.202524503234395,-1.322084958652363,0
263.59,261.8810766508551,264.3011162031491,2.827564782340346,3.8529115067720907,-1.0253467244317447,0
261.7172,261.8646889857696,263.62310528947825,2.1495538686695,3.463014558689861,-1.313460690020361,0
261.058,261.78402008719263,262.888307726129,1.4147563053202816,2.8461455421809205,-1.431389236860639,0
258.87,261.49261807847336,261.6126066225274,0.13905520171863373,2.5058345611541655,-2.3667793594355317,0
259.17,261.260356270626,260.7671337639997,0.0,1.8822739405261586,-1.8822739405261586,0
255.82,260.7163206435634,259.04092023840684,0.0,1.3061860316097522,-1.3061860316097522,0
254.155,260.0601885792071,257.2284658869469,0.0,0.740673075141683,-0.740673075141683,0
253.19,259.3731697212864,255.59455955623582,0.0,0.31076230140778305,-0.31076230140778305,0
253.33,258.76885274915776,254.46757896935532,0.0,0.027811040343726744,-0.027811040343726744,0
253.85,258.276967474242,253.8474488584897,0.0,0.0,0.0,-1
254.13,257.8622707268178,253.52496675589407,0.0,0.0,0.0,0
254.85,257.56104365413603,253.56710793495336,0.0,0.0,0.0,0
255.06,257.3109392887224,253.70714928837475,0.0,0.0,0.0,0
255.34,257.1138453598502,253.93818030055354,0.0,0.0,0.0,0
255.0,256.90246082386517,254.02678187728304,0.0,0.0,0.0,0
254.75,256.68721474147867,254.03562154840665,0.0,0.0,0.0,0
254.19,256.4374932673308,253.88003086383958,0.0,0.0,0.0,0
253.0,256.09374394059773,253.3927336001595,0.0,0.0,0.0,0
249.61,255.445369546538,251.93288225504605,0.0,0.0,0.0,0
249.36,254.8368325918842,250.79619227178677,0.0,0.0,0.0,0
248.15,254.1681493326958,249.58779014177728,0.0,0.0,0.0,0
250.75,253.82633439942623,249.59083366989398,0.0,0.0,0.0,0
250.6001,253.5037109594836,249.58163690210787,0.0,0.0,0.0,0
248.49,253.00233986353524,248.9115948707103,0.0,0.0,0.0,0
248.4,252.5421058771817,248.41936525066032,0.0,0.0,0.0,0
248.41,252.12889528946351,248.09252177771245,0.0,0.0,0.0,0
248.38,251.75400576051715,247.8743035263106,0.0,0.0,0.0,0
248.48,251.42660518446542,247.77799862987428,0.0,0.0,0.0,0
250.33,251.31694466601886,248.34830696763595,0.0,0.0,0.0,0
248.83,251.06825019941698,248.29972636836447,0.0,0.0,0.0,0
246.27,250.58842517947528,247.43845418642692,0.0,0.0,0.0,0
245.44,250.07358266152772,246.5488933311984,0.0,0.0,0.0,0
250.69,250.13522439537496,247.65228173947685,0.0,0.0,0.0,0
248.794,250.00110195583747,247.86455722801114,0.0,0.0,0.0,0
248.92,249.89299176025375,248.07903727478165,0.0,0.0,0.0,0
250.4754,249.95123258422836,248.76459706560223,0.0,0.0,0.0,0
247.5814,249.71424932580553,248.323386774644,0.0,0.0,0.0,0
248.2484,249.56766439322496,248.22399850467545,0.0,0.0,0.0,0
247.7299,249.38388795390242,247.98686756346757,0.0,0.0,0.0,0
248.4,249.28549915851218,248.04115288171795,0.0,0.0,0.0,0
248.3,249.18694924266097,248.0562975036304,0.0,0.0,0.0,0
248.79,249.14725431839489,248.23647539090632,0.0,0.0,0.0,0
248.5101,249.08353888655537,248.28285974880487,0.0,0.0,0.0,0
248.0,248.97518499789985,248.15279440991694,0.0,0.0,0.0,0
245.65,248.6426664981099,247.28381531826744,0.0,0.0,0.0,0
246.16,248.39439984829886,246.81668665961718,0.0,0.0,0.0,0
246.02,248.15695986346896,246.43599105640118,0.0,0.0,0.0,0
244.5,247.79126387712205,245.66491413006977,0.0,0.0,0.0,0
244.92,247.50413748940986,245.2490720841762,0.0,0.0,0.0,0
239.142,246.66792374046886,243.04973742257215,0.0,0.0,0.0,0
239.53,245.95413136642202,241.57653860207452,0.0,0.0,0.0,0
240.08,245.36671822977982,240.70451166927612,0.0,0.0,0.0,0
240.9501,244.92505640680184,240.38774945246806,0.0,0.0,0.0,0
240.76,244.5085507661217,240.13144914361413,0.0,0.0,0.0,0
239.99,244.05669568950952,239.72610929574947,0.0,0.0,0.0,0
238.42,243.49302612055857,238.94448148698885,0.0,0.0,0.0,0
238.3,242.97372350850273,238.36423538403378,0.0,0.0,0.0,0
238.2,242.49635115765244,237.94062483960818,0.0,0.0,0.0,0
238.17,242.0637160418872,237.65570786888995,0.0,0.0,0.0,0
238.22,241.67934443769846,237.49850864489213,0.0,0.0,0.0,0
240.65,241.57640999392862,238.22043284552527,0.0,0.0,0.0,0
240.82,241.5007689945358,238.84021903452674,0.0,0.0,0.0,0
239.94,241.34469209508225,239.02965544089875,0.0,0.0,0.0,0
239.6,241.170222885574,239.07416558265527,0.0,0.0,0.0,0
238.1902,240.87222059701656,238.6552949971318,0.0,0.0,0.0,0
239.695,240.75449853731493,238.85697353088443,0.0,0.0,0.0,0
241.1412,240.79316868358347,239.49776747394583,0.0,0.0,0.0,0
240.5399,240.76784181522515,239.78228019702175,0.0,0.0,0.0,0
241.0167,240.79272763370264,240.15540424479914,0.0,0.0,0.0,0
240.74,240.7874548703324,240.34218301249146,0.0,0.0,0.0,0
239.7,240.67870938329915,240.13656605491389,0.0,0.0,0.0,0
237.96,240.40683844496925,239.40928309802595,0.0,0.0,0.0,0
238.25,240.19115460047232,238.97038184265386,0.0,0.0,0.0,0
238.3036,240.0023991404251,238.67047664384592,0.0,0.0,0.0,0
238.68,239.87015922638255,238.5820152580705,0.0,0.0,0.0,0
238.41,239.72414330374426,238.43678027228466,0.0,0.0,0.0,0
237.38,239.48972897336984,237.99817568602188,0.0,0.0,0.0,0
236.08,239.14875607603284,237.25437672543202,0.0,0.0,0.0,0
236.28,238.86188046842958,236.78375505014688,0.0,0.0,0.0,0
236.76,238.65169242158663,236.61073541462054,0.0,0.0,0.0,0
236.56,238.44252317942795,236.43373101680143,0.0,0.0,0.0,0
237.8581,238.38408086148516,236.74853861770595,0.0,0.0,0.0,0
239.205,238.46617277533664,237.44121350367655,0.0,0.0,0.0,0
238.215,238.44105549780298,237.6359392206097,0.0,0.0,0.0,0
237.6599,238.36293994802267,237.60193117258612,0.0,0.0,0.0,0
238.69,238.3956459532204,237.9216107049807,0.0,0.0,0.0,0
237.085,238.26458135789835,237.63043383972482,0.0,0.0,0.0,0
237.431,238.1812232221085,237.5318630839841,0.0,0.0,0.0,0
237.5201,238.11511089989767,237.49199793067058,0.0,0.0,0.0,0
237.51,238.0545998099079,237.46290149148814,0.0,0.0,0.0,0
237.36,237.98513982891714,237.39539390851516,0.0,0.0,0.0,0
237.4,237.92662584602544,237.3622559758303,0.0,0.0,0.0,0
235.45,237.6789632614229,236.69669236879892,0.0,0.0,0.0,0
235.75,237.48606693528058,236.30911037173496,0.0,0.0,0.0,0
236.35,237.37246024175252,236.2295187746348,0.0,0.0,0.0,0
237.28,237.3632142175773,236.4876593162575,0.0,0.0,0.0,0
237.0301,237.32990279581958,236.60404565184763,0.0,0.0,0.0,0
238.5457,237.45148251623763,237.19706640040476,0.0,0.0,0.0,0
236.65,237.37133426461386,237.01195247504535,0.0,0.0,0.0,0
238.4511,237.47931083815246,237.47147282335695,0.0,0.0,0.0,0
239.5,237.6813797543372,238.1582137896364,0.0,0.0,0.0,0
239.9901,237.91225177890345,238.8243060467446,0.0,0.0,0.0,0
240.71,238.19202660101308,239.5467246305362,0.0,0.0,0.0,0
240.38,238.41082394091177,239.95969162859382,0.0,0.0,0.0,0
240.25,238.59474154682056,240.20705989576982,0.0,0.0,0.0,0
240.3499,238.7702573921385,240.40709783013492,0.0,0.0,0.0,0
240.31,238.92423165292462,240.5259266017302,0.0,0.0,0.0,0
240.35,239.06680848763213,240.6115582057988,0.0,0.0,0.0,0
239.26,239.08612763886896,240.29990471081004,0.0,0.0,0.0,0
238.83,239.06051487498206,239.91475138901396,0.0,0.0,0.0,0
238.56,239.01046338748384,239.53180573098467,0.0,0.0,0.0,0
239.17,239.02641704873545,239.44498076218872,0.0,0.0,0.0,0
238.6,238.9837753438619,239.1893382372199,0.0,0.0,0.0,0
235.66,238.6513978094757,238.02682255563846,0.0,0.0,0.0,0
233.44,238.13025802852812,236.4364832132364,0.0,0.0,0.0,0
235.135,237.83073222567526,235.83314916705862,0.0,0.0,0.0,0
234.6863,237.51628900310772,235.25785450252445,0.0,0.0,0.0,0
234.6399,237.22865010279696,234.83850668568672,-0.25983821781872507,0.0,-0.25983821781872507,1
234.17,236.92278509251727,234.39588189307017,-0.7024630104352809,-0.05196764356374502,-0.6504953668715359,0
234.8742,236.71792658326558,234.32490556435758,-0.7734393391478704,-0.1924602456508012,-0.5809790934970692,0
234.41,236.487133924939,234.1420964330919,-0.9562484704135557,-0.3471481134803753,-0.6091003569331803,0
234.55,236.29342053244514,234.07485738048948,-1.023487523015973,-0.5383978075630864,-0.4850897154528866,0
234.45,236.1090784792006,234.0124954566651,-1.0858494468403421,-0.743095312166281,-0.34275413467406113,0
234.2,235.9181706312805,233.90256737685985,-1.1957775266455997,-0.9082975579706044,-0.28747996867499526,0
236.3,235.95635356815245,234.53302651758986,-0.5653183859155888,-1.0069604612126681,0.44164207529707933,-1
236.04,235.96471821133719,234.92753134675326,-0.17081355675219356,-0.9653362705662119,0.7945227138140183,0
235.5,235.91824639020348,235.04988478291213,-0.048460120593318834,-0.8082492878339395,0.7597891672406206,0
235.37,235.86342175118313,235.10369543743462,0.0,-0.6132438073494086,0.6132438073494086,0
235.3,235.80707957606484,235.12538040657998,0.0,-0.3960739179813402,0.3960739179813402,0
232.6068,235.48705161845837,234.25535528983988,-0.8429896136655657,-0.15691841265222023,-0.6860712010133454,1
234.335,235.37184645661256,234.18974987153155,-0.9085950319739027,-0.21245265820221562,-0.6961423737716871,0
233.335,235.16816181095132,233.82005533955555,-1.2782895639498975,-0.36000895324655746,-0.91828061070334,0
233.0001,234.9513556298562,233.44582824494168,-1.6525166585637692,-0.6059748419178732,-1.046541816645896,0
234.1,234.86622006687057,233.54418107433432,-1.5541638291711308,-0.936478173630627,-0.6176856555405038,0
235.1536,234.89495806018354,233.97669227171832,-1.1216526317871285,-1.2473109394648532,0.12565830767772468,-1
233.89,234.79446225416518,233.8874115932161,-1.210933310289363,-1.3030435430891658,0.0921102327998029,0
233.94,234.7090160287487,233.84425968138515,-1.2540852221202954,-1.3635111987522577,0.1094259766319623,0
233.71,234.60911442587386,233.7425047757335,-1.3558401277719554,-1.3586703303863374,0.002830202614382049,0
233.74,234.5222029832865,233.6832306727524,-1.415114230753062,-1.2993350242279746,-0.11577920652508733,1
233.72,234.44198268495785,233.6388164162856,-1.459528487219842,-1.2715251045443607,-0.18800338267548122,0
235.71,234.56878441646208,234.26961955315377,-0.8287253503516752,-1.3391002756309036,0.5103749252792285,-1
235.97,234.70890597481585,234.82545902318444,-0.272885880321013,-1.262658683643366,0.989772803322353,0
235.62,234.80001537733423,235.1196834940914,0.0,-1.0664188152835095,1.0664188152835095,0
233.95,234.7150138396008,234.7811169500178,-0.3172279534876452,-0.7952507897291184,0.47802283624147324,0
230.42,234.2855124556407,233.36005614117457,-1.7382887623308818,-0.5756735342760351,-1.1626152280548467,1
228.0725,233.66421121007662,231.53554250414155,-3.5628023993639033,-0.631425589298243,-2.93137681006566,0
227.23,233.02079008906895,229.9211807304536,-3.743030479623002,-1.1782409991006886,-2.5647894805223133,0
225.9701,232.31572108016206,228.33503175036654,-4.6857583387024135,-1.8722699189610865,-2.813488419741327,0
226.56,231.74014897214585,227.39005824302336,-4.925662837138702,-2.809421586701569,-2.1162412504371333,0
227.6401,231.3301440749313,227.0870905813135,-5.22863049884856,-3.7311085634317807,-1.497521935416779,0
228.27,231.0241296674382,227.1107902265718,-5.20493085359027,-4.4291769107353165,-0.7757539428549531,0
227.3053,230.65224670069438,226.84606717169274,-5.469653908469326,-4.757602601580589,-0.7120513068887364,0
226.63,230.25002203062496,226.46079745159378,-5.854923628568287,-5.102927287349854,-0.7519963412184323,0
225.65,229.7900198275625,225.88451615296245,-6.431204927199616,-5.336760345323029,-1.094444581876587,0
225.4,229.35101784480625,225.40834384055756,-4.3816759870049395,-5.637868763335211,1.2561927763302716,-1
225.0506,228.92097606032561,224.9738039011607,-4.3772139436455575,-5.4684778609664875,1.09126391732093,0
222.5,228.27887845429305,223.84227868879879,-5.078697371526829,-5.302934478977545,0.22423710745071634,0
220.46,227.49699060886374,222.3660583833731,-5.912820070919963,-5.224743171589045,-0.6880768993309179,1
219.95,226.74229154797735,221.14623955467084,-6.350751054192898,-5.236322460059381,-1.1144285941335168,0
220.4,226.10806239317964,220.43888184108764,-6.30340970688971,-5.220231685458037,-1.0831780214316726,0
220.58,225.55525615386168,220.02358017030593,-6.718711377671411,-5.604578429434992,-1.1141329482364197,0
224.41,225.44073053847552,221.03007805448325,-5.71221349349409,-6.072877916240162,0.3606644227460718,-1
220.96,224.99265748462796,220.67508645448683,-6.067205093490514,-6.199581140633614,0.13237604714309992,0
218.19,224.31239173616513,219.53116359979543,-7.211127948181911,-6.230458145147725,-0.9806698030341865,1
219.55,223.83615256254862,219.17064785079387,-5.141743885371255,-6.402533523945527,1.2607896385742716,-1
218.5701,223.30954730629378,218.61791754441123,-5.694474191753898,-6.170200359641837,0.475726167887939,0
217.74,222.7525925756644,217.97191403205883,-6.340477704106291,-5.965352922458334,-0.3751247816479575,1
218.82,222.35933331809798,217.8888236136392,-4.863768962025205,-6.091005764580774,1.227236802555569,-1
218.4388,221.96727998628816,217.7379672636677,-5.014625311996696,-5.850318538287712,0.8356932262910162,0
218.2,221.59055198765932,217.58120665703663,-5.171385918627777,-5.411018011050669,0.23963209242289185,0
218.72,221.30349678889337,217.66862454327412,-5.083968032390288,-5.416946417701974,0.33297838531168544,0
218.95,221.06814711000402,217.83793322601906,-4.914659349645348,-5.294845185829251,0.38018583618390345,0
214.5,220.41133239900364,216.5169602541039,-6.235632321560502,-5.009681514937062,-1.2259508066234392,1
214.1,219.78019915910326,215.43376478516555,-4.97756761383809,-5.284054186844122,0.30648657300603155,-1
214.72,219.27417924319292,214.86951774281292,-4.910681416290345,-5.276642647212401,0.3659612309220561,0
215.99,218.94576131887362,214.90669062378964,-4.8735085353136185,-5.224501746744915,0.35099321143129636,0
214.99,218.55018518698625,214.63680831688018,-5.143390842223084,-5.1824098473295805,0.03901900510649625,0
218.69,218.56416666828764,215.6909595554985,-4.089239603604767,-5.228156145845128,1.138916542240361,0
221.1014,218.81789000145892,217.2929299034827,-2.4872692556205607,-4.798877602253981,2.3116083466334203,0
219.61,218.89710100131302,217.99819832143962,-1.7820008376636451,-4.300817930610475,2.51881709294683,0
220.06,219.0133909011817,218.6723631856442,-1.1078359734590606,-3.675081814885135,2.5672458414260744,0
220.285,219.14055181106355,219.24391608860282,-0.5362830705004455,-2.9219473025142237,2.385664232013778,0
220.4503,219.27152662995718,219.71558650831554,-0.06461265078772271,-2.0005257481696956,1.935913097381973,0
219.9987,219.34424396696144,219.90633161545162,0.0,-1.195600357606287,1.195600357606287,0
220.5,219.4598195702653,220.20279299740383,0.0,-0.6981465064821748,0.6981465064821748,0
220.5001,219.5638476132388,220.41110869945763,0.0,-0.3417463389494458,0.3417463389494458,0
220.51,219.65846285191492,220.55677429506528,0.0,-0.12017914425763365,0.12017914425763365,0
220.55,219.74761656672345,220.66596285757734,0.0,-0.012922530157544543,0.012922530157544543,0
216.96,219.4688549100511,219.54844568512422,-0.23175347397904034,0.0,-0.23175347397904034,1
216.49,219.170969419046,218.5594153238912,-1.2207838352120746,-0.04635069479580807,-1.1744331404162665,0
216.9,218.94387247714138,217.96446391434208,-1.8157352447611856,-0.29050746183822296,-1.5252277829229626,0
216.29,218.67848522942728,217.3293488744177,-2.450850284685572,-0.6536545107904601,-1.7971957738951119,0
214.7,218.28063670648453,216.34421074440493,-3.435988414698329,-1.1438245677275745,-2.2921638469707544,0
214.21,217.87357303583607,215.4684005666475,-4.311798592455773,-1.8310222506672402,-2.4807763417885327,0
213.945,217.48071573225246,214.7529110900777,-5.027288069025559,-2.647031274362587,-2.380256794662972,0
214.03,217.13564415902724,214.27533842923089,-3.205377303021578,-3.4083321211252837,0.20295481810370575,-1
213.885,216.81057974312452,213.89959678257375,-3.581118949678711,-3.686260532777362,0.10514158309865129,0
212.5847,216.38799176881207,213.21773347257766,-3.5928462705468576,-3.91231426577599,0.3194679952291324,0
214.59,216.20819259193087,213.40326188580084,-2.9847298830112265,-3.9436858369456957,0.9589559539344692,0
215.55,216.14237333273778,213.8840449761139,-2.503946792698173,-3.678272095056786,1.1743253023586133,0
215.65,216.09313599946398,214.29402225223703,-2.0939695165750436,-3.1736038397913093,1.0796343232162657,0
215.57,216.0408223995176,214.58684927998104,-1.801142488831033,-2.9513222825020025,1.1501797936709695,0
214.8287,215.91961015956582,214.57031698351275,-1.8176747852993174,-2.5953269903324667,0.7776522050331494,0
213.46,215.67364914360923,214.11532868642206,-2.272663082390011,-2.2402926932829588,-0.032370389107052144,1
217.35,215.84128422924832,215.0750363987358,-1.3129553700762813,-2.0978793331587156,0.7849239630824343,-1
218.0,216.0571558063235,216.0075668045413,-0.3804249642707589,-1.8596810486343371,1.4792560843635782,0
218.7,216.32144022569113,216.92909321488912,0.0,-1.5169721381734802,1.5169721381734802,0
218.5,216.539296203122,217.53840946595204,0.0,-1.1567436404072737,1.1567436404072737,0
217.965,216.6818665828098,217.80122746985523,0.0,-0.7932086833474102,0.7932086833474102,0
216.01,216.61467992452882,217.3362964652002,0.0,-0.33867606686940804,0.33867606686940804,0
211.49,216.10221193207593,215.48700227315177,-0.9009894956602977,-0.07608499285415178,-0.8249045028061459,1
211.945,215.68649073886837,214.26732592068458,-1.8348860113913474,-0.18019789913205955,-1.6546881122592878,0
210.13,215.13084166498152,212.77407725760543,-3.3281346744705047,-0.547175101410329,-2.7809595730601755,0
209.6301,214.58076749848337,211.52180080521012,-3.6090408597713974,-1.21280203630443,-2.3962388234669674,0
211.0244,214.225130748635,211.08189009558316,-3.498877402900206,-1.9346102082587096,-1.5642671946414963,0
211.8,213.98261767377147,211.0419006091194,-3.538866889363959,-2.6343856888387505,-0.9044812005252085,0
211.34,213.71835590639435,210.88812580878846,-3.6926416896949092,-3.161961167579483,-0.5306805221154263,0
210.64,213.41052031575492,210.56871868430946,-4.012048814173909,-3.533512303240195,-0.47853651093371363,0
210.58,213.12746828417943,210.3374223882761,-4.243345110207258,-3.6702951311808762,-0.5730499790263819,0
211.0,212.91472145576148,210.32944974751737,-4.251317750965995,-3.797155981268048,-0.4541617696979472,0
208.95,212.51824931018533,209.6685936905626,-4.912173807920766,-3.9476440508812063,-0.9645297570395597,0
209.0,212.1664243791668,209.21897620811976,-3.2992731020655697,-4.222305434592568,0.923032332526998,-1
209.43,211.89278194125012,209.05290248158792,-3.4653468285974043,-4.143631717066699,0.6782848884692951,0
209.92,211.69550374712512,209.11617866526203,-3.402070644923299,-4.034291319951398,0.6322206750280994,0
209.6,211.48595337241258,209.07932458440712,-3.4389247257782074,-3.866036426894607,0.4271117011163996,0
211.85,211.52235803517132,209.8156677341024,-2.7025815760829346,-3.703557821857049,1.0009762457741145,0
209.3798,211.30810223165417,209.55924727285364,-2.959002037331686,-3.261639375489483,0.3026373381577967,0
208.6275,211.04004200848877,209.1329675501052,-3.385281760080119,-3.193585162542706,-0.19169659753741275,1
209.43,210.87903780763992,209.0961863290883,-1.943855679400457,-3.177572148839249,1.233716469438792,-1
210.9515,210.8862840268759,209.58557455868564,-1.4544674498031327,-2.8859291557346807,1.431461705931548,0
211.94,210.9916556241883,210.28511297490581,-0.7549290335829539,-2.489037700539666,1.734108666956712,0
212.17,211.10949006176946,210.88413908907287,-0.15590291941589385,-2.0995071920396695,1.9436042726237757,0
212.34,211.23254105559255,211.38384618734756,0.0,-1.5388873684565112,1.5388873684565112,0
212.31,211.34028695003332,211.74005189156955,0.0,-0.8618310164404874,0.8618310164404874,0
212.2,211.42625825502995,211.96098126740182,0.0,-0.4730598805603961,0.4730598805603961,0
212.4,211.52363242952697,212.18289328701175,0.0,-0.18216639059976955,0.18216639059976955,0
